display_name,created_time,email,age,phone_number
Kristina Page,2024-03-15 14:44:20.413916,ronald48@example.net,1987-09-02,(744)499-6991
Crystal Taylor,2024-03-18 14:44:20.414268,qtravis@example.org,1977-07-28,217.388.4972
Ashley Acevedo,2024-02-29 14:44:20.414493,simonwillie@example.net,1979-06-24,+1-417-399-6361x053
Katelyn Colon,2024-03-04 14:44:20.414736,usmith@example.net,1971-02-16,612-757-2004x5589
Matthew Doyle,2024-02-28 14:44:20.414939,huffmansandra@example.com,1982-08-13,366-775-3314
Gabriel West,2024-03-21 14:44:20.415172,qflores@example.com,1999-09-17,4556463997
Erik Gardner,2024-03-11 14:44:20.415381,daniel77@example.org,1997-09-03,+1-754-828-9395
Julie Webster,2024-03-25 14:44:20.415551,davidmcfarland@example.net,1992-04-13,+1-673-493-3818x874
Toni Ashley,2024-03-04 14:44:20.415772,smithkimberly@example.net,1958-12-13,+1-875-467-3055
Brittney Holt,2024-03-03 14:44:20.415987,jessicathompson@example.net,1963-08-30,001-309-815-2497x701
Linda Munoz,2024-03-14 14:44:20.416205,kaitlyn14@example.net,1992-03-12,527-370-3730x81858
Kelsey Richardson,2024-03-01 14:44:20.416399,mahoneycarol@example.net,1955-10-10,336.292.9867
Chad Carr,2024-03-07 14:44:20.416612,uwest@example.net,1950-03-28,(272)386-3044
Shawn Weber,2024-03-12 14:44:20.416796,adavis@example.org,1961-04-14,7543428990
Jessica Campbell,2024-03-24 14:44:20.416975,darrellgordon@example.net,2001-09-22,578-648-4854x24678
Jill Brown,2024-03-12 14:44:20.417182,madelinehowe@example.net,1995-03-31,856-250-4274
Stephen Juarez,2024-03-01 14:44:20.417388,jessicabarton@example.net,1947-10-17,806.917.7970x61235
Christy Johnson,2024-03-12 14:44:20.417587,robertgray@example.com,2001-11-30,(835)447-8786
Pamela Bender,2024-03-07 14:44:20.417817,oellis@example.org,1989-06-27,(915)603-5982x451
Rebecca Wright,2024-03-07 14:44:20.417999,davidpadilla@example.net,1993-05-21,7808236635
Olivia Gonzalez,2024-03-16 14:44:20.418216,ajames@example.org,1957-04-06,+1-256-494-8555
Christopher Mathis,2024-03-19 14:44:20.418387,kennethshort@example.net,1974-12-30,970-332-8704
Stephen Juarez,2024-03-14 14:44:20.418581,palmerkenneth@example.org,1989-08-27,243.428.6358x13544
Ryan Davis,2024-03-07 14:44:20.418788,martinjerry@example.net,1993-11-07,+1-831-841-9122x9911
Adam Lambert,2024-03-09 14:44:20.419000,isanchez@example.net,1987-09-15,(618)329-5607x20027
Samantha Murray DVM,2024-03-22 14:44:20.419189,grollins@example.com,1955-07-30,286-443-6846x33726
Sharon Holloway,2024-03-24 14:44:20.419368,matthewgonzalez@example.org,1980-04-16,(946)652-5159x260
Steven Collins,2024-02-29 14:44:20.419561,marilynwashington@example.com,1962-09-20,(762)222-7412x45387
James Jones,2024-02-26 14:44:20.419784,henry43@example.com,2001-07-09,911-565-8722
Sara Carter,2024-02-26 14:44:20.419937,kelleyjason@example.org,1974-05-22,+1-834-929-3667x64036
Eric Harris,2024-03-18 14:44:20.420141,hansenlogan@example.net,1996-04-06,(720)805-3050
Samantha Walsh,2024-03-06 14:44:20.420337,wolfsean@example.com,1984-09-25,311.324.3966
Ian Sullivan,2024-03-03 14:44:20.420543,jeffrey08@example.net,1994-06-30,(322)933-6111x861
Amy Green,2024-02-29 14:44:20.420698,sbarron@example.com,1998-03-10,451.366.4470x630
Jeffrey Zavala,2024-03-20 14:44:20.420855,brian18@example.com,2005-08-05,001-899-463-8645
Peter Cook,2024-03-09 14:44:20.421001,jstephens@example.net,1962-01-19,(727)254-3522x32643
Heather Mcclain,2024-03-15 14:44:20.421165,michael04@example.com,1998-12-27,959.650.8953
Christopher Davis,2024-03-12 14:44:20.421309,stephenjackson@example.net,1962-09-25,462.913.1283
Robert Smith Jr.,2024-02-27 14:44:20.421500,chandlerheather@example.com,1944-11-13,858-552-3210
Tiffany Melendez,2024-03-20 14:44:20.421683,janet40@example.org,1963-12-15,835.954.2212x05358
Karen Schmidt,2024-03-04 14:44:20.421860,sdavis@example.org,1946-05-06,+1-992-499-5918
Jeffrey Hill,2024-03-03 14:44:20.422014,jennifer19@example.org,1983-12-01,001-939-306-2304
Daniel Valencia,2024-03-17 14:44:20.422169,wkeith@example.com,1954-02-11,+1-959-366-7868
Michelle Fowler,2024-03-19 14:44:20.422335,christopher06@example.net,1991-06-11,(669)965-0132
Justin Webster,2024-03-01 14:44:20.422490,carolsmith@example.net,1968-03-11,(664)339-4860
Richard Dean PhD,2024-03-02 14:44:20.422679,ucabrera@example.org,1999-06-09,001-973-623-3127x679
Mitchell Johnson,2024-02-28 14:44:20.422834,amandafinley@example.org,1973-07-31,232.927.6754x22071
Hannah Santos,2024-03-16 14:44:20.423036,stephennorton@example.net,1986-08-22,001-449-227-4198x8391
Alicia Delgado,2024-03-14 14:44:20.423225,rebekah12@example.com,2004-04-28,001-348-272-9810x27884
Jacqueline Roberts,2024-03-17 14:44:20.423371,michael69@example.net,1958-08-01,622.911.5497
Stephanie Wood,2024-03-23 14:44:20.423508,ssoto@example.org,2004-10-29,+1-484-982-3728
Troy Kaiser,2024-03-20 14:44:20.423662,michaelmills@example.org,1951-06-20,(960)437-2377
Hannah Bell,2024-03-11 14:44:20.423844,cmcneil@example.net,1946-06-13,732.313.7538
Johnny Perkins,2024-03-06 14:44:20.424001,alice60@example.org,1994-02-21,589.513.1764x43182
Mr. Travis Todd,2024-02-26 14:44:20.424145,orusso@example.net,2004-03-16,+1-432-529-0396
Meredith Dalton,2024-03-07 14:44:20.424302,richard92@example.org,1992-11-06,(424)318-3918x2406
Jessica Yu,2024-03-12 14:44:20.424450,wbuchanan@example.net,1984-08-31,+1-776-376-0502x335
Catherine Weber,2024-03-11 14:44:20.424606,john55@example.com,1962-06-19,+1-761-979-3821x048
Kyle Stewart,2024-03-25 14:44:20.424742,dylanboyd@example.com,1972-02-05,770.449.3356x40647
Brittany Robinson,2024-03-15 14:44:20.424917,torresjill@example.org,1985-10-03,+1-249-494-2209
Michael Reyes,2024-03-20 14:44:20.425091,johnlee@example.org,1961-06-08,5726766520
Regina Adams,2024-03-02 14:44:20.425288,brittneyhorton@example.org,1970-12-19,2578647995
Megan Brown,2024-03-09 14:44:20.425461,kelsey08@example.com,1989-01-18,001-907-328-3972x636
Sarah Craig,2024-03-18 14:44:20.425600,amyzavala@example.net,1978-05-09,361.861.1398
Benjamin Nichols,2024-02-29 14:44:20.425783,kevin95@example.org,1996-05-24,362-621-0062x7788
Renee Romero,2024-03-19 14:44:20.425923,cassie89@example.net,2000-03-21,+1-556-504-3345x51394
Lisa Chambers,2024-03-05 14:44:20.426064,schapman@example.org,1978-10-01,8725974104
Yolanda Campbell,2024-03-10 14:44:20.426216,norrisdiana@example.com,1993-03-02,(335)843-0762x102
Mark Powers,2024-03-16 14:44:20.426409,bradleymelissa@example.org,1958-02-26,(514)447-8537x609
Sarah Lutz,2024-03-19 14:44:20.426583,woodmatthew@example.net,1961-02-26,882.970.7726
Michelle Smith,2024-03-22 14:44:20.426772,munozjasmine@example.com,1948-04-25,(597)590-9819x459
Craig Kirk,2024-03-12 14:44:20.426955,martinmonica@example.org,1976-12-12,882.809.4822x58175
Brittany Hamilton,2024-03-12 14:44:20.427131,mccoyedward@example.org,1999-07-03,+1-643-534-2218
Victor Reynolds,2024-03-18 14:44:20.427311,eterry@example.com,2006-01-19,001-244-802-4173
Johnny Hood,2024-03-02 14:44:20.427468,jennifer58@example.net,1973-10-12,290-785-3606x79848
Jessica Rodriguez,2024-03-03 14:44:20.427603,bfernandez@example.com,1970-11-14,412-412-9829x490
Roger Martin,2024-03-25 14:44:20.427749,hjackson@example.org,1994-09-18,(627)980-6845x599
James Glover,2024-03-11 14:44:20.427892,dodsonmelissa@example.net,1964-04-22,+1-783-984-6302
Michelle Bradley,2024-03-07 14:44:20.428070,kellercharles@example.org,2004-12-27,443-260-5733x78103
Ryan Fox,2024-02-25 14:44:20.428250,anne68@example.org,1996-05-08,7724960222
Meghan Bowman,2024-03-22 14:44:20.428383,angela83@example.com,1997-03-07,(264)739-9926
Ricky Hill,2024-03-22 14:44:20.428521,edavidson@example.com,1981-06-10,+1-563-217-7855x92683
David Robertson,2024-03-12 14:44:20.428661,stephenevans@example.com,1997-12-24,552.947.1668
Stephanie Valdez,2024-03-08 14:44:20.428830,scott42@example.net,1956-06-06,346.747.6301x933
David Lucas,2024-03-22 14:44:20.428952,gvillanueva@example.org,2002-02-16,(558)695-2412x0621
Courtney Lewis,2024-03-22 14:44:20.429090,oscarwagner@example.net,2004-09-22,+1-802-609-6600x47486
Brittany Dodson,2024-02-28 14:44:20.429268,heathertaylor@example.com,1970-07-12,341-467-8348x058
Tim Matthews,2024-02-27 14:44:20.429427,molly72@example.org,1968-03-31,480.224.4218x57361
David Knight,2024-03-16 14:44:20.429548,ericajones@example.net,1982-07-12,494.418.8287
Gwendolyn Greene,2024-03-17 14:44:20.429718,jenniferhunt@example.net,1956-03-07,+1-360-321-4911x03308
Kevin Cole,2024-03-14 14:44:20.429877,charles68@example.net,1976-01-10,(239)402-0376x0000
Diana Barber,2024-03-09 14:44:20.430004,chrisfrey@example.org,1944-04-11,+1-835-881-8534x7614
Roger Martin,2024-02-29 14:44:20.430163,curtiswolfe@example.com,2001-10-27,315-371-4439
Ashley Williams,2024-03-14 14:44:20.430324,juan93@example.com,1964-01-16,(258)676-7710x313
Nicholas Bishop,2024-03-06 14:44:20.430451,wmartin@example.com,2004-05-25,(671)591-7525x19181
Mary Cross,2024-03-21 14:44:20.430592,james01@example.org,1948-08-24,633.577.0608
Carmen Reid,2024-03-11 14:44:20.430719,dmorgan@example.com,1999-09-15,+1-266-532-9255x9461
Miguel Hale,2024-02-27 14:44:20.430854,ostone@example.org,1965-03-31,(479)726-5949x0041
Andrew Taylor,2024-03-21 14:44:20.430992,thomasedwards@example.net,1959-11-05,+1-436-534-3049x508
Richard Wilson PhD,2024-03-03 14:44:20.431156,kelly16@example.com,2005-02-03,+1-490-236-1321x280